"Carimbo de data/hora","Nome de usuário","Qual o seu nome?","Você já prestou algum vestibular?","Quando você prestou esse vestibular, você sentiu dificuldade na redação?","Você já se sentiu perdido por causa do tema de uma redação em qualquer vestibular?","Você usaria um aplicativo com intuito de aprender métodos para fazer uma redação e se manter atualizado para estar preparado para qualquer tema?"
"2017/11/26 8:47:22 PM GMT","gustavomraimundo@hotmail.com","Gustavo Machado","Sim","Um pouco","Sim","Sim"
"2017/11/26 8:51:07 PM GMT","jumraimundo@gmail.com","Jucelena Machado","Sim","","Sim","Sim"
"2017/11/26 8:51:44 PM GMT","andresergio@superig.com.br","André","Sim","Sim","Sim","Sim"
"2017/11/26 9:58:03 PM GMT","veulalio10@gmail.com","Victor","Não","Não","Não","Sim"
"2017/11/26 10:20:21 PM GMT","eduardowagnersilva@gmail.com","Eduardo Wagner","Sim","Um pouco","Sim","Sim"
"2017/11/26 10:22:34 PM GMT","giuliaalmeida157@gmail.com","Giulia Almeida ","Sim","Sim","Sim","Sim"
"2017/11/26 10:25:21 PM GMT","kaue4991@gmail.com","Paola Neves","Sim","Sim","Sim","Sim"
"2017/11/26 10:25:59 PM GMT","kaue36123@gmail.com","Robson Henrique ","Sim","Sim","Sim","Sim"
"2017/11/26 10:27:19 PM GMT","marquinhosfrentista@gmail.com","Marcos Shell","Sim","Sim","Sim","Sim"
"2017/11/26 10:28:28 PM GMT","etim1info@gmail.com","Gilberto Almeida","Sim","Sim","Sim","Sim"
"2017/11/26 11:37:34 PM GMT","nathaliaizaias@gmail.com","Nathi","Sim","Sim","Sim","Talvez"
"2017/11/27 1:42:37 AM GMT","zinhohernandes@gmail.com","Zinhox","Sim","Um pouco","Sim","Sim"
"2017/11/27 10:13:49 AM GMT","s1166198@mvrht.net","Cuca beludo","Sim","Um pouco","Sim","Talvez"
"2017/11/27 10:17:40 AM GMT","ljm48281@kopqi.com","Paula tajenado","Sim","Sim","Não","Sim"
"2017/11/27 10:18:56 AM GMT","ljm48281@kopqi.com","Isadora Pinto Durão","Sim","Não","Não","Não"
"2017/11/27 10:20:10 AM GMT","s1166822@mvrht.net","Samantha Rayo Laser","Sim","Sim","Sim","Sim"
"2017/11/27 10:20:59 AM GMT","cvc78547@kopqi.com","Arthur Gobbes","Sim","Não","Sim","Sim"
"2017/11/27 10:22:16 AM GMT","dlw03027@kopqi.com","Rodrigo Romanov","Sim","Sim","Sim","Talvez"
"2017/11/27 10:23:51 AM GMT","elr38310@kopqi.com","Isabela Nardoni","Não","Não","Não","Não"
"2017/11/27 10:24:30 AM GMT","bfeubgbzs9eu@kopqi.com","Golero Bruno","Sim","Sim","Sim","Sim"
"2017/11/27 10:26:00 AM GMT","nuidnioasn@kopqi.com","filho de Deus","Não","Não","Não","Não"
"2017/11/27 10:26:29 AM GMT","maskner@kopqi.com","Catharina Romanov","Sim","Sim","Sim","Sim"
"2017/11/27 10:26:57 AM GMT","123457itnjuhnif@kopqi.com","Luis de Valois","Sim","Sim","Sim","Sim"
"2017/11/27 10:27:22 AM GMT","nshdjudi@kopqi.com","Pedro Medici","Sim","Sim","Sim","Sim"
"2017/11/27 10:28:10 AM GMT","ngnaegngnsegnju@kopqi.com","Marco da SIlva","Sim","Sim","Sim","Sim"
"2017/11/27 10:29:40 AM GMT","nazilover24@kopqi.com","Adolph Hittler","Sim","Sim","Sim","Sim"
"2017/11/27 10:29:47 AM GMT","YuriCampeline@kopqi.com","YuriCampeline","Sim","Sim","Sim","Sim"
"2017/11/27 10:30:05 AM GMT","njirhnjihrnjith@kopqi.com","Elaine Tampeline","Sim","Sim","Sim","Sim"
"2017/11/27 10:30:34 AM GMT","nhjrnhiorejh@kopqi.com","Rhian Bottura","Não","Não","Não","Não"
"2017/11/27 10:31:30 AM GMT","nutnhtunh@kopqi.com","Rhadyja Bottura","Não","Não","Sim","Talvez"
"2017/11/27 10:32:41 AM GMT","1234jeba@gmail.com","Jeba Alvares ","Sim","Um pouco","Sim","Sim"
"2017/11/27 10:33:19 AM GMT","chatuba6969@gmail.com","Vladimir dos Santos","Sim","Sim","Sim","Sim"
"2017/11/27 10:33:56 AM GMT","nptdnhtksjnh@gmail.com","Felipe Cassiano","Sim","Sim","Sim","Sim"
"2017/11/27 10:34:31 AM GMT","FernanadaMuller@gmail.com","Fernanda Muller","Sim","Sim","Sim","Sim"
"2017/11/27 10:35:29 AM GMT","147963@gmail.com","Marcinha Dutra","Sim","Sim","Sim","Sim"
"2017/11/27 10:36:03 AM GMT","luangameplays@gmail.com","Luan ","Sim","Sim","Sim","Sim"
"2017/11/27 10:36:59 AM GMT","VitaoChatuba@gmail.com","Vitor Maranduba","Sim","Sim","Sim","Sim"
"2017/11/27 10:38:30 AM GMT","mriomrgaiop@gmail.com","Arthur Gregorio","Sim","Não","Não","Não"
"2017/11/27 10:39:08 AM GMT","nhrtuiohy@gmail.com","Isabela Rodrigues","Sim","Um pouco","Sim","Sim"
"2017/11/27 10:39:59 AM GMT","minubyvt@gmail.com","Maria Eduarda Souza","Sim","Sim","Não","Sim"
"2017/11/27 10:40:43 AM GMT","momnhfo@gmail.com","Gustavo M Ayres","Sim","Não","Sim","Talvez"
"2017/11/27 10:42:54 AM GMT","Larrissa486_one@gmail.com","Larissa Benatti","Sim","Sim","Não","Sim"
"2017/11/27 10:44:14 AM GMT","maquinadesexo@gmail.com","Gabriel D Bernstein","Sim","Sim","Sim","Sim"
"2017/11/27 10:47:22 AM GMT","nthjiih9h@gmail.com","Marcos D Krausz","Sim","Sim","Sim","Sim"
"2017/11/27 10:47:51 AM GMT","nmoytnjy@gmail.com","Felipe A Leonhardt","Sim","Um pouco","Sim","Sim"
"2017/11/27 10:48:31 AM GMT","Geramnwolf@gmail.com","Wagner Krausz","Sim","Sim","Sim","Talvez"
"2017/11/27 10:48:49 AM GMT","nmyknmjmj@gmail.com","Arthur Löhnhoff","Sim","Sim","Sim","Sim"
"2017/11/27 10:49:08 AM GMT","nmhnihnihnmi@gmail.com","Enzo Löhnhoff","Sim","Sim","Sim","Sim"
"2017/11/27 10:49:44 AM GMT","nugnugrnjigr@gmail.com","Antonio Zorn","Sim","Um pouco","Sim","Talvez"
"2017/11/27 10:50:45 AM GMT","mfjfjfaqwertyuiop@gmail.com","Luiz Reinhardt","Sim","Sim","Sim","Sim"
"2017/11/27 10:52:21 AM GMT","qwenasd@gmail.com","Livia Klotz","Sim","Sim","Sim","Não"
"2017/11/27 10:53:12 AM GMT","malalala@gmail.com","Matheus Aigner","Não","Não","Não","Não"
"2017/11/27 10:54:05 AM GMT","plmkoiunb@gmail.com","Josefino Dantas","Sim","Sim","Sim","Sim"
"2017/11/27 10:54:39 AM GMT","mahstrea@gmail.com","Eduardo Garcia","Não","Não","Não","Não"
"2017/11/27 10:58:08 AM GMT","ntnjittrhn@gmail.com","Nicolas Lambertini Albuquerque","Sim","Sim","Sim","Sim"
"2017/11/27 10:58:45 AM GMT","bsguibgseruibg@gmail.com","Otavio Gomes Albuquerque","Não","Não","Não","Não"
"2017/11/27 10:59:28 AM GMT","mzhdydud@gmail.com","Felipe D. Mazzaropi","Sim","Um pouco","Sim","Sim"
"2017/11/27 11:00:20 AM GMT","mjibnjiotnjiothnjio@gmail.com","Luccas Mazzaropi","Sim","Um pouco","Sim","Sim"
"2017/11/27 11:01:25 AM GMT","14789@gmail.com","Drummond","Sim","Sim","Sim","Sim"
"2017/11/27 11:02:01 AM GMT","FD34567@gmail.com","Frederico Duarte","Não","Não","Não","Não"
"2017/11/27 11:02:28 AM GMT","log345@gmail.com","Marco Bongiovanni","Sim","Um pouco","Não","Sim"
"2017/11/27 11:03:24 AM GMT","mjdosman@gmail.com","Gabriella Vilela","Sim","Sim","Sim","Não"
"2017/11/27 11:04:55 AM GMT","ZPB324@gmail.com","Ziloca P Bongiovanni","Sim","Sim","Sim","Sim"
"2017/11/27 11:05:19 AM GMT","4875@gmail.com","Jucelina G Albuquerque","Sim","Sim","Sim","Sim"
"2017/11/27 11:11:06 AM GMT","mahdhdfgf@gmail.com","Gregorio Moscovis da Silva","Sim","Sim","Sim","Sim"
"2017/11/27 11:13:38 AM GMT","fce4rswezaw@gmail.com","Maria Clara Reymond","Sim","Sim","Não","Sim"
"2017/11/27 11:14:03 AM GMT","bvtrcrtxd@gmail.com","Mirian Capatti da Silva ","Sim","Sim","Não","Sim"
"2017/11/27 11:14:42 AM GMT","mytfesw@gmail.com","Matheus Duarte","Não","Não","Não","Sim"
"2017/11/27 11:14:48 AM GMT","nubvr5dx@gmail.com","Fernandes","Sim","Sim","Não","Sim"
"2017/11/27 11:14:59 AM GMT","mibtyv@gmail.com","Drummond","Sim","Não","Não","Talvez"
"2017/11/29 12:33:22 PM GMT","vsgsyshh@gmail.com","Victor Farcic","Sim","Sim","Sim","Talvez"
"2017/11/30 9:02:26 PM GMT","hrfvnbu@gmail.com","Monica Santos","Não","Não","Não","Não"
"2017/11/30 9:06:08 PM GMT","ccrtutcr@gmail.com","Luke Morning Star","Sim","Sim","Sim","Sim"
"2017/11/30 9:07:05 PM GMT","monids@gmail.com","Jonh Macartney","Sim","Sim","Sim","Sim"
"2017/11/30 9:10:10 PM GMT","ickythum@gmail.com","Duque Caxias","Sim","Sim","Sim","Sim"
"2018/03/13 1:08:38 AM GMT","hotmus8500@gmail.com","Matheus Gomes","Sim","Um pouco","Sim","Talvez"